STATION,NAME,DATE,AVERAGE_WIND,PRECIPITATION,SNOW,WNOC_DEPTH,TAVG,TMAX,TMIN
USW00024028,"SCOTTSBLUFF W B HEILIG FIELD AIRPORT, NE US",4/20/2024,6.49,0,0,0,35,42,24
USW00024028,"SCOTTSBLUFF W B HEILIG FIELD AIRPORT, NE US",4/21/2024,8.05,0,0,0,39,67,20
USW00024028,"SCOTTSBLUFF W B HEILIG FIELD AIRPORT, NE US",4/22/2024,8.28,0,0,0,58,71,43
USW00024028,"SCOTTSBLUFF W B HEILIG FIELD AIRPORT, NE US",4/23/2024,7.38,0,0,0,55,67,35
USW00024028,"SCOTTSBLUFF W B HEILIG FIELD AIRPORT, NE US",4/24/2024,14.99,0,0,0,57,78,43
USW00024028,"SCOTTSBLUFF W B HEILIG FIELD AIRPORT, NE US",4/25/2024,10.96,0.96,0,0,59,76,45
USW00024028,"SCOTTSBLUFF W B HEILIG FIELD AIRPORT, NE US",4/26/2024,10.96,0.01,0,0,55,70,47
USW00024028,"SCOTTSBLUFF W B HEILIG FIELD AIRPORT, NE US",4/27/2024,9.84,0.12,0,0,48,49,40
USW00024028,"SCOTTSBLUFF W B HEILIG FIELD AIRPORT, NE US",4/28/2024,7.83,0,0,0,46,58,40
USW00024028,"SCOTTSBLUFF W B HEILIG FIELD AIRPORT, NE US",4/29/2024,8.95,0,0,0,52,71,38
USW00024028,"SCOTTSBLUFF W B HEILIG FIELD AIRPORT, NE US",4/30/2024,18.12,0.06,0,0,58,63,46
USW00024028,"SCOTTSBLUFF W B HEILIG FIELD AIRPORT, NE US",5/1/2024,9.4,0.12,0,0,51,63,39
USW00024028,"SCOTTSBLUFF W B HEILIG FIELD AIRPORT, NE US",5/2/2024,12.08,0,0,0,47,61,33
USW00024028,"SCOTTSBLUFF W B HEILIG FIELD AIRPORT, NE US",5/3/2024,11.63,0,0,0,51,68,33
USW00024028,"SCOTTSBLUFF W B HEILIG FIELD AIRPORT, NE US",5/4/2024,10.51,0,0,0,44,66,27
USW00024028,"SCOTTSBLUFF W B HEILIG FIELD AIRPORT, NE US",5/5/2024,22.59,0,0,0,55,71,43
USW00024028,"SCOTTSBLUFF W B HEILIG FIELD AIRPORT, NE US",5/6/2024,24.16,0.07,0,0,56,61,45
USW00024028,"SCOTTSBLUFF W B HEILIG FIELD AIRPORT, NE US",5/7/2024,22.37,0,0,0,54,65,45
USW00024028,"SCOTTSBLUFF W B HEILIG FIELD AIRPORT, NE US",5/8/2024,14.99,0.15,0,0,51,59,40
USW00024028,"SCOTTSBLUFF W B HEILIG FIELD AIRPORT, NE US",5/9/2024,9.84,0.13,0,0,47,59,40
USW00024028,"SCOTTSBLUFF W B HEILIG FIELD AIRPORT, NE US",5/10/2024,6.71,0,0,0,52,67,39
USW00024028,"SCOTTSBLUFF W B HEILIG FIELD AIRPORT, NE US",5/11/2024,5.37,0,0,0,55,75,36
USW00024028,"SCOTTSBLUFF W B HEILIG FIELD AIRPORT, NE US",5/12/2024,9.62,0,0,0,61,80,41
USW00024028,"SCOTTSBLUFF W B HEILIG FIELD AIRPORT, NE US",5/13/2024,6.26,0,0,0,60,80,41
USW00024028,"SCOTTSBLUFF W B HEILIG FIELD AIRPORT, NE US",5/14/2024,13.42,0,0,0,65,79,47
USW00024028,"SCOTTSBLUFF W B HEILIG FIELD AIRPORT, NE US",5/15/2024,9.4,0.17,0,0,56,65,47
USW00024028,"SCOTTSBLUFF W B HEILIG FIELD AIRPORT, NE US",5/16/2024,5.82,0,0,0,58,81,40
USW00024028,"SCOTTSBLUFF W B HEILIG FIELD AIRPORT, NE US",5/17/2024,13.2,0,0,0,67,88,41
USW00024028,"SCOTTSBLUFF W B HEILIG FIELD AIRPORT, NE US",5/18/2024,11.63,0,0,0,64,76,44
USW00024028,"SCOTTSBLUFF W B HEILIG FIELD AIRPORT, NE US",5/19/2024,11.41,0.14,0,0,69,82,51
USW00024028,"SCOTTSBLUFF W B HEILIG FIELD AIRPORT, NE US",5/20/2024,11.86,0.47,0,0,60,70,45
USW00024028,"SCOTTSBLUFF W B HEILIG FIELD AIRPORT, NE US",5/21/2024,10.29,0.07,0,0,51,63,40
USW00024028,"SCOTTSBLUFF W B HEILIG FIELD AIRPORT, NE US",5/22/2024,8.5,0,0,0,53,73,36
USW00024028,"SCOTTSBLUFF W B HEILIG FIELD AIRPORT, NE US",5/23/2024,16.78,0,0,0,60,75,47
USW00024028,"SCOTTSBLUFF W B HEILIG FIELD AIRPORT, NE US",5/24/2024,12.97,0,0,0,56,74,43
USW00024028,"SCOTTSBLUFF W B HEILIG FIELD AIRPORT, NE US",5/25/2024,6.04,0.04,0,0,60,74,50
USW00024028,"SCOTTSBLUFF W B HEILIG FIELD AIRPORT, NE US",5/26/2024,12.08,0.02,0,0,61,75,48
USW00024028,"SCOTTSBLUFF W B HEILIG FIELD AIRPORT, NE US",5/27/2024,7.16,0,0,0,60,78,43
USW00024028,"SCOTTSBLUFF W B HEILIG FIELD AIRPORT, NE US",5/28/2024,9.84,0,0,0,62,81,42
USW00024028,"SCOTTSBLUFF W B HEILIG FIELD AIRPORT, NE US",5/29/2024,13.2,0.02,0,0,69,88,54
USW00024028,"SCOTTSBLUFF W B HEILIG FIELD AIRPORT, NE US",5/30/2024,10.74,0,0,0,64,79,52
USW00024028,"SCOTTSBLUFF W B HEILIG FIELD AIRPORT, NE US",5/31/2024,11.41,0,0,0,59,69,50
USW00024028,"SCOTTSBLUFF W B HEILIG FIELD AIRPORT, NE US",6/1/2024,9.62,0.03,0,0,65,84,56
USW00024028,"SCOTTSBLUFF W B HEILIG FIELD AIRPORT, NE US",6/2/2024,8.95,0,0,0,70,89,53
USW00024028,"SCOTTSBLUFF W B HEILIG FIELD AIRPORT, NE US",6/3/2024,8.95,0,0,0,69,93,49
USW00024028,"SCOTTSBLUFF W B HEILIG FIELD AIRPORT, NE US",6/4/2024,8.5,0,0,0,71,82,51
USW00024028,"SCOTTSBLUFF W B HEILIG FIELD AIRPORT, NE US",6/5/2024,9.4,0,0,0,70,91,47
USW00024028,"SCOTTSBLUFF W B HEILIG FIELD AIRPORT, NE US",6/6/2024,6.26,0,0,0,71,92,49
USW00024028,"SCOTTSBLUFF W B HEILIG FIELD AIRPORT, NE US",6/7/2024,8.5,0,0,0,77,96,60
USW00024028,"SCOTTSBLUFF W B HEILIG FIELD AIRPORT, NE US",6/8/2024,11.41,0.02,0,0,69,73,57
USW00024028,"SCOTTSBLUFF W B HEILIG FIELD AIRPORT, NE US",6/9/2024,12.08,0,0,0,63,78,56
USW00024028,"SCOTTSBLUFF W B HEILIG FIELD AIRPORT, NE US",6/10/2024,10.74,0,0,0,72,92,60
USW00024028,"SCOTTSBLUFF W B HEILIG FIELD AIRPORT, NE US",6/11/2024,8.72,0,0,0,69,89,50
USW00024028,"SCOTTSBLUFF W B HEILIG FIELD AIRPORT, NE US",6/12/2024,10.51,0,0,0,81,101,57
USW00024028,"SCOTTSBLUFF W B HEILIG FIELD AIRPORT, NE US",6/13/2024,11.18,0,0,0,78,88,60
USW00024028,"SCOTTSBLUFF W B HEILIG FIELD AIRPORT, NE US",6/14/2024,11.63,0.02,0,0,73,83,62
USW00024028,"SCOTTSBLUFF W B HEILIG FIELD AIRPORT, NE US",6/15/2024,5.37,0,0,0,72,97,59
USW00024028,"SCOTTSBLUFF W B HEILIG FIELD AIRPORT, NE US",6/16/2024,11.63,0,0,0,73,83,57
USW00024028,"SCOTTSBLUFF W B HEILIG FIELD AIRPORT, NE US",6/17/2024,11.86,0,0,0,67,90,56
USW00024028,"SCOTTSBLUFF W B HEILIG FIELD AIRPORT, NE US",6/18/2024,16.55,0,0,0,70,77,50
USW00024028,"SCOTTSBLUFF W B HEILIG FIELD AIRPORT, NE US",6/19/2024,14.99,0,0,0,59,74,45
USW00024028,"SCOTTSBLUFF W B HEILIG FIELD AIRPORT, NE US",6/20/2024,12.97,0.46,0,0,69,95,62
USW00024028,"SCOTTSBLUFF W B HEILIG FIELD AIRPORT, NE US",6/21/2024,7.61,0.1,0,0,68,79,61
USW00024028,"SCOTTSBLUFF W B HEILIG FIELD AIRPORT, NE US",6/22/2024,6.71,0,0,0,71,92,56
USW00024028,"SCOTTSBLUFF W B HEILIG FIELD AIRPORT, NE US",6/23/2024,6.26,0,0,0,79,102,60
USW00024028,"SCOTTSBLUFF W B HEILIG FIELD AIRPORT, NE US",6/24/2024,7.16,0,0,0,84,104,60
USW00024028,"SCOTTSBLUFF W B HEILIG FIELD AIRPORT, NE US",6/25/2024,9.4,0,0,0,83,101,57
USW00024028,"SCOTTSBLUFF W B HEILIG FIELD AIRPORT, NE US",6/26/2024,9.84,0.13,0,0,78,92,59
USW00024028,"SCOTTSBLUFF W B HEILIG FIELD AIRPORT, NE US",6/27/2024,10.51,0,0,0,78,99,64
USW00024028,"SCOTTSBLUFF W B HEILIG FIELD AIRPORT, NE US",6/28/2024,10.74,0,0,0,78,97,56
USW00024028,"SCOTTSBLUFF W B HEILIG FIELD AIRPORT, NE US",6/29/2024,10.74,0,0,0,70,81,53
USW00024028,"SCOTTSBLUFF W B HEILIG FIELD AIRPORT, NE US",6/30/2024,17.45,0.68,0,0,73,89,61
USW00024028,"SCOTTSBLUFF W B HEILIG FIELD AIRPORT, NE US",7/1/2024,9.62,0.07,0,0,74,90,64
USW00024028,"SCOTTSBLUFF W B HEILIG FIELD AIRPORT, NE US",7/2/2024,6.71,0,0,0,71,84,59
USW00024028,"SCOTTSBLUFF W B HEILIG FIELD AIRPORT, NE US",7/3/2024,11.41,0,0,0,72,93,57
USW00024028,"SCOTTSBLUFF W B HEILIG FIELD AIRPORT, NE US",7/4/2024,11.41,0,0,0,68,82,50
USW00024028,"SCOTTSBLUFF W B HEILIG FIELD AIRPORT, NE US",7/5/2024,7.83,0,0,0,70,85,58
USW00024028,"SCOTTSBLUFF W B HEILIG FIELD AIRPORT, NE US",7/6/2024,8.5,0.04,0,0,72,91,55
USW00024028,"SCOTTSBLUFF W B HEILIG FIELD AIRPORT, NE US",7/7/2024,8.5,0.04,0,0,69,83,54
USW00024028,"SCOTTSBLUFF W B HEILIG FIELD AIRPORT, NE US",7/8/2024,6.49,0,0,0,67,86,49
USW00024028,"SCOTTSBLUFF W B HEILIG FIELD AIRPORT, NE US",7/9/2024,7.16,0,0,0,74,95,54
USW00024028,"SCOTTSBLUFF W B HEILIG FIELD AIRPORT, NE US",7/10/2024,6.93,0,0,0,75,93,55
USW00024028,"SCOTTSBLUFF W B HEILIG FIELD AIRPORT, NE US",7/11/2024,8.5,0,0,0,77,100,60
USW00024028,"SCOTTSBLUFF W B HEILIG FIELD AIRPORT, NE US",7/12/2024,11.63,0,0,0,83,100,65
USW00024028,"SCOTTSBLUFF W B HEILIG FIELD AIRPORT, NE US",7/13/2024,6.93,0,0,0,83,102,62
USW00024028,"SCOTTSBLUFF W B HEILIG FIELD AIRPORT, NE US",7/14/2024,10.07,0,0,0,83,100,68
USW00024028,"SCOTTSBLUFF W B HEILIG FIELD AIRPORT, NE US",7/15/2024,9.4,0.07,0,0,85,95,64
USW00024028,"SCOTTSBLUFF W B HEILIG FIELD AIRPORT, NE US",7/16/2024,6.71,0,0,0,76,96,63
USW00024028,"SCOTTSBLUFF W B HEILIG FIELD AIRPORT, NE US",7/17/2024,6.04,0.04,0,0,74,90,59
USW00024028,"SCOTTSBLUFF W B HEILIG FIELD AIRPORT, NE US",7/18/2024,7.83,0,0,0,71,95,56
USW00024028,"SCOTTSBLUFF W B HEILIG FIELD AIRPORT, NE US",7/19/2024,6.93,0,0,0,78,95,63
USW00024028,"SCOTTSBLUFF W B HEILIG FIELD AIRPORT, NE US",7/20/2024,5.14,0.63,0,0,71,83,63
USW00024028,"SCOTTSBLUFF W B HEILIG FIELD AIRPORT, NE US",7/21/2024,3.13,0,0,0,69,80,59
USW00024028,"SCOTTSBLUFF W B HEILIG FIELD AIRPORT, NE US",7/22/2024,5.59,0,0,0,71,87,56
USW00024028,"SCOTTSBLUFF W B HEILIG FIELD AIRPORT, NE US",7/23/2024,5.14,0,0,0,74,93,56
USW00024028,"SCOTTSBLUFF W B HEILIG FIELD AIRPORT, NE US",7/24/2024,5.82,0,0,0,78,98,59
USW00024028,"SCOTTSBLUFF W B HEILIG FIELD AIRPORT, NE US",7/25/2024,9.62,0,0,0,80,103,60
USW00024028,"SCOTTSBLUFF W B HEILIG FIELD AIRPORT, NE US",7/26/2024,8.5,0,0,0,82,99,63
USW00024028,"SCOTTSBLUFF W B HEILIG FIELD AIRPORT, NE US",7/27/2024,4.92,0,0,0,75,97,60
USW00024028,"SCOTTSBLUFF W B HEILIG FIELD AIRPORT, NE US",7/28/2024,8.05,0,0,0,76,98,59
USW00024028,"SCOTTSBLUFF W B HEILIG FIELD AIRPORT, NE US",7/29/2024,6.26,0,0,0,76,101,55
USW00024028,"SCOTTSBLUFF W B HEILIG FIELD AIRPORT, NE US",7/30/2024,8.05,0,0,0,81,102,60
USW00024028,"SCOTTSBLUFF W B HEILIG FIELD AIRPORT, NE US",7/31/2024,8.95,0,0,0,83,97,65
USW00024028,"SCOTTSBLUFF W B HEILIG FIELD AIRPORT, NE US",8/1/2024,6.93,0,0,0,77,98,57
USW00024028,"SCOTTSBLUFF W B HEILIG FIELD AIRPORT, NE US",8/2/2024,8.05,0,0,0,81,100,65
USW00024028,"SCOTTSBLUFF W B HEILIG FIELD AIRPORT, NE US",8/3/2024,5.82,0,0,0,78,101,58
USW00024028,"SCOTTSBLUFF W B HEILIG FIELD AIRPORT, NE US",8/4/2024,8.95,0.04,0,0,84,105,65
USW00024028,"SCOTTSBLUFF W B HEILIG FIELD AIRPORT, NE US",8/5/2024,8.95,0,0,0,83,99,68
USW00024028,"SCOTTSBLUFF W B HEILIG FIELD AIRPORT, NE US",8/6/2024,13.65,0,0,0,78,98,62
USW00024028,"SCOTTSBLUFF W B HEILIG FIELD AIRPORT, NE US",8/7/2024,9.17,1.32,0,0,77,92,62
USW00024028,"SCOTTSBLUFF W B HEILIG FIELD AIRPORT, NE US",8/8/2024,6.04,0.24,0,0,64,64,60
USW00024028,"SCOTTSBLUFF W B HEILIG FIELD AIRPORT, NE US",8/9/2024,8.95,0.02,0,0,59,60,54
USW00024028,"SCOTTSBLUFF W B HEILIG FIELD AIRPORT, NE US",8/10/2024,8.72,0.11,0,0,61,77,54
USW00024028,"SCOTTSBLUFF W B HEILIG FIELD AIRPORT, NE US",8/11/2024,7.61,0,0,0,70,89,57
USW00024028,"SCOTTSBLUFF W B HEILIG FIELD AIRPORT, NE US",8/12/2024,9.62,0,0,0,68,81,55
USW00024028,"SCOTTSBLUFF W B HEILIG FIELD AIRPORT, NE US",8/13/2024,10.51,0.04,0,0,73,89,65
USW00024028,"SCOTTSBLUFF W B HEILIG FIELD AIRPORT, NE US",8/14/2024,8.5,0,0,0,74,91,59
USW00024028,"SCOTTSBLUFF W B HEILIG FIELD AIRPORT, NE US",8/15/2024,8.28,0,0,0,71,88,54
USW00024028,"SCOTTSBLUFF W B HEILIG FIELD AIRPORT, NE US",8/16/2024,7.61,0,0,0,74,91,58
USW00024028,"SCOTTSBLUFF W B HEILIG FIELD AIRPORT, NE US",8/17/2024,5.82,0.15,0,0,75,95,59
USW00024028,"SCOTTSBLUFF W B HEILIG FIELD AIRPORT, NE US",8/18/2024,11.18,0,0,0,78,92,67
USW00024028,"SCOTTSBLUFF W B HEILIG FIELD AIRPORT, NE US",8/19/2024,9.4,0,0,0,77,92,68
USW00024028,"SCOTTSBLUFF W B HEILIG FIELD AIRPORT, NE US",8/20/2024,7.16,0,0,0,78,96,61
USW00024028,"SCOTTSBLUFF W B HEILIG FIELD AIRPORT, NE US",8/21/2024,7.16,0.3,0,0,79,98,63
USW00024028,"SCOTTSBLUFF W B HEILIG FIELD AIRPORT, NE US",8/22/2024,5.59,0.05,0,0,70,84,60
USW00024028,"SCOTTSBLUFF W B HEILIG FIELD AIRPORT, NE US",8/23/2024,9.17,0.08,0,0,73,90,61
USW00024028,"SCOTTSBLUFF W B HEILIG FIELD AIRPORT, NE US",8/24/2024,5.37,0,0,0,73,93,60
USW00024028,"SCOTTSBLUFF W B HEILIG FIELD AIRPORT, NE US",8/25/2024,7.16,0.01,0,0,75,93,61
USW00024028,"SCOTTSBLUFF W B HEILIG FIELD AIRPORT, NE US",8/26/2024,5.82,0,0,0,72,86,57
USW00024028,"SCOTTSBLUFF W B HEILIG FIELD AIRPORT, NE US",8/27/2024,7.61,0,0,0,68,87,51
USW00024028,"SCOTTSBLUFF W B HEILIG FIELD AIRPORT, NE US",8/28/2024,8.5,0,0,0,74,98,60
USW00024028,"SCOTTSBLUFF W B HEILIG FIELD AIRPORT, NE US",8/29/2024,7.61,0.01,0,0,72,87,50
USW00024028,"SCOTTSBLUFF W B HEILIG FIELD AIRPORT, NE US",8/30/2024,6.04,0,0,0,65,88,45
USW00024028,"SCOTTSBLUFF W B HEILIG FIELD AIRPORT, NE US",8/31/2024,5.82,0,0,0,70,93,53
USW00024028,"SCOTTSBLUFF W B HEILIG FIELD AIRPORT, NE US",9/1/2024,9.4,0,0,0,72,91,53
USW00024028,"SCOTTSBLUFF W B HEILIG FIELD AIRPORT, NE US",9/2/2024,11.41,0,0,0,74,94,56
USW00024028,"SCOTTSBLUFF W B HEILIG FIELD AIRPORT, NE US",9/3/2024,8.5,0,0,0,73,97,54
USW00024028,"SCOTTSBLUFF W B HEILIG FIELD AIRPORT, NE US",9/4/2024,7.83,0,0,0,74,80,58
USW00024028,"SCOTTSBLUFF W B HEILIG FIELD AIRPORT, NE US",9/5/2024,5.82,0,0,0,66,81,54
USW00024028,"SCOTTSBLUFF W B HEILIG FIELD AIRPORT, NE US",9/6/2024,5.82,0,0,0,69,88,52
USW00024028,"SCOTTSBLUFF W B HEILIG FIELD AIRPORT, NE US",9/7/2024,9.17,0,0,0,66,86,53
USW00024028,"SCOTTSBLUFF W B HEILIG FIELD AIRPORT, NE US",9/8/2024,6.71,0,0,0,72,92,52
USW00024028,"SCOTTSBLUFF W B HEILIG FIELD AIRPORT, NE US",9/9/2024,6.04,0,0,0,72,98,51
USW00024028,"SCOTTSBLUFF W B HEILIG FIELD AIRPORT, NE US",9/10/2024,7.16,0,0,0,76,93,56
USW00024028,"SCOTTSBLUFF W B HEILIG FIELD AIRPORT, NE US",9/11/2024,8.95,0.07,0,0,70,90,52
USW00024028,"SCOTTSBLUFF W B HEILIG FIELD AIRPORT, NE US",9/12/2024,15.88,0,0,0,71,91,55
USW00024028,"SCOTTSBLUFF W B HEILIG FIELD AIRPORT, NE US",9/13/2024,8.05,0,0,0,72,83,53
USW00024028,"SCOTTSBLUFF W B HEILIG FIELD AIRPORT, NE US",9/14/2024,5.59,0,0,0,66,90,49
USW00024028,"SCOTTSBLUFF W B HEILIG FIELD AIRPORT, NE US",9/15/2024,10.29,0,0,0,71,92,57
USW00024028,"SCOTTSBLUFF W B HEILIG FIELD AIRPORT, NE US",9/16/2024,9.62,0,0,0,72,91,54
USW00024028,"SCOTTSBLUFF W B HEILIG FIELD AIRPORT, NE US",9/17/2024,8.5,0.09,0,0,71,94,51
USW00024028,"SCOTTSBLUFF W B HEILIG FIELD AIRPORT, NE US",9/18/2024,6.71,0,0,0,63,86,47
USW00024028,"SCOTTSBLUFF W B HEILIG FIELD AIRPORT, NE US",9/19/2024,6.04,0,0,0,63,82,43
USW00024028,"SCOTTSBLUFF W B HEILIG FIELD AIRPORT, NE US",9/20/2024,5.37,0,0,0,65,91,43
USW00024028,"SCOTTSBLUFF W B HEILIG FIELD AIRPORT, NE US",9/21/2024,10.51,0,0,0,63,72,50
USW00024028,"SCOTTSBLUFF W B HEILIG FIELD AIRPORT, NE US",9/22/2024,6.93,0,0,0,56,72,41
USW00024028,"SCOTTSBLUFF W B HEILIG FIELD AIRPORT, NE US",9/23/2024,6.93,0,0,0,59,84,40
USW00024028,"SCOTTSBLUFF W B HEILIG FIELD AIRPORT, NE US",9/24/2024,6.04,0,0,0,67,82,49
USW00024028,"SCOTTSBLUFF W B HEILIG FIELD AIRPORT, NE US",9/25/2024,6.71,0,0,0,64,92,43
USW00024028,"SCOTTSBLUFF W B HEILIG FIELD AIRPORT, NE US",9/26/2024,5.59,0,0,0,70,97,50
USW00024028,"SCOTTSBLUFF W B HEILIG FIELD AIRPORT, NE US",9/27/2024,8.28,0,0,0,74,88,57
USW00024028,"SCOTTSBLUFF W B HEILIG FIELD AIRPORT, NE US",9/28/2024,6.71,0,0,0,70,96,48
USW00024028,"SCOTTSBLUFF W B HEILIG FIELD AIRPORT, NE US",9/29/2024,13.42,0,0,0,78,97,60
USW00024028,"SCOTTSBLUFF W B HEILIG FIELD AIRPORT, NE US",9/30/2024,9.62,0,0,0,70,71,42
USW00024028,"SCOTTSBLUFF W B HEILIG FIELD AIRPORT, NE US",10/1/2024,6.71,0,0,0,53,80,31
USW00024028,"SCOTTSBLUFF W B HEILIG FIELD AIRPORT, NE US",10/2/2024,6.71,0,0,0,63,91,39
USW00024028,"SCOTTSBLUFF W B HEILIG FIELD AIRPORT, NE US",10/3/2024,12.53,0,0,0,61,69,44
USW00024028,"SCOTTSBLUFF W B HEILIG FIELD AIRPORT, NE US",10/4/2024,10.96,0,0,0,57,89,39
USW00024028,"SCOTTSBLUFF W B HEILIG FIELD AIRPORT, NE US",10/5/2024,7.16,0,0,0,65,78,42
USW00024028,"SCOTTSBLUFF W B HEILIG FIELD AIRPORT, NE US",10/6/2024,7.61,0,0,0,54,76,38
USW00024028,"SCOTTSBLUFF W B HEILIG FIELD AIRPORT, NE US",10/7/2024,7.61,0,0,0,59,84,37
USW00024028,"SCOTTSBLUFF W B HEILIG FIELD AIRPORT, NE US",10/8/2024,4.47,0,0,0,58,81,38
USW00024028,"SCOTTSBLUFF W B HEILIG FIELD AIRPORT, NE US",10/9/2024,6.71,0,0,0,59,86,38
USW00024028,"SCOTTSBLUFF W B HEILIG FIELD AIRPORT, NE US",10/10/2024,5.14,0,0,0,62,88,37
USW00024028,"SCOTTSBLUFF W B HEILIG FIELD AIRPORT, NE US",10/11/2024,5.82,0,0,0,62,69,47
USW00024028,"SCOTTSBLUFF W B HEILIG FIELD AIRPORT, NE US",10/12/2024,6.71,0,0,0,59,81,44
USW00024028,"SCOTTSBLUFF W B HEILIG FIELD AIRPORT, NE US",10/13/2024,6.71,0,0,0,54,65,36
USW00024028,"SCOTTSBLUFF W B HEILIG FIELD AIRPORT, NE US",10/14/2024,5.59,0,0,0,50,79,33
USW00024028,"SCOTTSBLUFF W B HEILIG FIELD AIRPORT, NE US",10/15/2024,11.63,0,0,0,49,63,37
USW00024028,"SCOTTSBLUFF W B HEILIG FIELD AIRPORT, NE US",10/16/2024,10.74,0,0,0,52,83,36
USW00024028,"SCOTTSBLUFF W B HEILIG FIELD AIRPORT, NE US",10/17/2024,8.5,0.02,0,0,60,84,39
USW00024028,"SCOTTSBLUFF W B HEILIG FIELD AIRPORT, NE US",10/18/2024,10.96,0,0,0,51,50,42
USW00024028,"SCOTTSBLUFF W B HEILIG FIELD AIRPORT, NE US",10/19/2024,5.14,0,0,0,49,71,34
USW00024028,"SCOTTSBLUFF W B HEILIG FIELD AIRPORT, NE US",10/20/2024,5.14,0,0,0,56,74,43
USW00024028,"SCOTTSBLUFF W B HEILIG FIELD AIRPORT, NE US",10/21/2024,5.82,0,0,0,55,72,44
USW00024028,"SCOTTSBLUFF W B HEILIG FIELD AIRPORT, NE US",10/22/2024,9.17,0,0,0,57,75,44
USW00024028,"SCOTTSBLUFF W B HEILIG FIELD AIRPORT, NE US",10/23/2024,9.4,0,0,0,53,75,33
USW00024028,"SCOTTSBLUFF W B HEILIG FIELD AIRPORT, NE US",10/24/2024,9.17,0,0,0,54,66,34
USW00024028,"SCOTTSBLUFF W B HEILIG FIELD AIRPORT, NE US",10/25/2024,9.62,0,0,0,47,69,29
USW00024028,"SCOTTSBLUFF W B HEILIG FIELD AIRPORT, NE US",10/26/2024,8.95,0,0,0,52,77,35
USW00024028,"SCOTTSBLUFF W B HEILIG FIELD AIRPORT, NE US",10/27/2024,6.71,0,0,0,51,82,29
USW00024028,"SCOTTSBLUFF W B HEILIG FIELD AIRPORT, NE US",10/28/2024,3.36,0,0,0,53,62,40
USW00024028,"SCOTTSBLUFF W B HEILIG FIELD AIRPORT, NE US",10/29/2024,10.07,0.02,0,0,47,52,40
USW00024028,"SCOTTSBLUFF W B HEILIG FIELD AIRPORT, NE US",10/30/2024,5.14,0,0,0,41,43,30
USW00024028,"SCOTTSBLUFF W B HEILIG FIELD AIRPORT, NE US",10/31/2024,4.92,0,0,0,39,59,23
USW00024028,"SCOTTSBLUFF W B HEILIG FIELD AIRPORT, NE US",11/1/2024,8.5,0,0,0,43,59,27
USW00024028,"SCOTTSBLUFF W B HEILIG FIELD AIRPORT, NE US",11/2/2024,9.17,0,0,0,42,67,26
USW00024028,"SCOTTSBLUFF W B HEILIG FIELD AIRPORT, NE US",11/3/2024,10.51,0,0,0,49,60,40
USW00024028,"SCOTTSBLUFF W B HEILIG FIELD AIRPORT, NE US",11/4/2024,7.61,0,0,0,44,54,26
USW00024028,"SCOTTSBLUFF W B HEILIG FIELD AIRPORT, NE US",11/5/2024,8.95,0,0,0,38,55,24
USW00024028,"SCOTTSBLUFF W B HEILIG FIELD AIRPORT, NE US",11/6/2024,11.41,0,0,0,36,39,19
USW00024028,"SCOTTSBLUFF W B HEILIG FIELD AIRPORT, NE US",11/7/2024,4.92,0,0,0,30,49,13
USW00024028,"SCOTTSBLUFF W B HEILIG FIELD AIRPORT, NE US",11/8/2024,,0.54,0,0,37,43,28
USW00024028,"SCOTTSBLUFF W B HEILIG FIELD AIRPORT, NE US",11/9/2024,5.82,0.22,0,0,,45,28
USW00024028,"SCOTTSBLUFF W B HEILIG FIELD AIRPORT, NE US",11/10/2024,7.61,0,0,0,47,68,33
USW00024028,"SCOTTSBLUFF W B HEILIG FIELD AIRPORT, NE US",11/11/2024,9.17,0,0,0,44,64,30
USW00024028,"SCOTTSBLUFF W B HEILIG FIELD AIRPORT, NE US",11/12/2024,12.3,0,0,0,42,50,34
USW00024028,"SCOTTSBLUFF W B HEILIG FIELD AIRPORT, NE US",11/13/2024,10.51,0,0,0,44,53,32
USW00024028,"SCOTTSBLUFF W B HEILIG FIELD AIRPORT, NE US",11/14/2024,7.38,0,0,0,43,66,28
USW00024028,"SCOTTSBLUFF W B HEILIG FIELD AIRPORT, NE US",11/15/2024,6.93,0,0,0,38,57,26
USW00024028,"SCOTTSBLUFF W B HEILIG FIELD AIRPORT, NE US",11/16/2024,8.72,0,0,0,38,54,24
USW00024028,"SCOTTSBLUFF W B HEILIG FIELD AIRPORT, NE US",11/17/2024,6.04,0,0,0,36,59,19
USW00024028,"SCOTTSBLUFF W B HEILIG FIELD AIRPORT, NE US",11/18/2024,11.41,0,0,0,38,60,22
USW00024028,"SCOTTSBLUFF W B HEILIG FIELD AIRPORT, NE US",11/19/2024,12.75,0,0,0,36,44,20
USW00024028,"SCOTTSBLUFF W B HEILIG FIELD AIRPORT, NE US",11/20/2024,8.05,0,0,0,31,50,14
USW00024028,"SCOTTSBLUFF W B HEILIG FIELD AIRPORT, NE US",11/21/2024,5.59,0,0,0,30,61,15
USW00024028,"SCOTTSBLUFF W B HEILIG FIELD AIRPORT, NE US",11/22/2024,3.58,0,0,0,38,68,21
USW00024028,"SCOTTSBLUFF W B HEILIG FIELD AIRPORT, NE US",11/23/2024,5.59,0,0,0,39,53,25
USW00024028,"SCOTTSBLUFF W B HEILIG FIELD AIRPORT, NE US",11/24/2024,7.83,0.03,0.5,0,35,43,25
USW00024028,"SCOTTSBLUFF W B HEILIG FIELD AIRPORT, NE US",11/25/2024,4.92,0,0,0,28,50,12
USW00024028,"SCOTTSBLUFF W B HEILIG FIELD AIRPORT, NE US",11/26/2024,2.91,0,0,0,33,50,20
USW00024028,"SCOTTSBLUFF W B HEILIG FIELD AIRPORT, NE US",11/27/2024,11.63,0,0,0,38,45,18
USW00024028,"SCOTTSBLUFF W B HEILIG FIELD AIRPORT, NE US",11/28/2024,7.61,0,0,0,25,40,11
USW00024028,"SCOTTSBLUFF W B HEILIG FIELD AIRPORT, NE US",11/29/2024,5.37,0,0,0,26,48,10
USW00024028,"SCOTTSBLUFF W B HEILIG FIELD AIRPORT, NE US",11/30/2024,6.71,0,0,0,29,49,14
USW00024028,"SCOTTSBLUFF W B HEILIG FIELD AIRPORT, NE US",12/1/2024,8.72,0,0,0,31,53,15
USW00024028,"SCOTTSBLUFF W B HEILIG FIELD AIRPORT, NE US",12/2/2024,6.71,0,0,0,26,44,14
USW00024028,"SCOTTSBLUFF W B HEILIG FIELD AIRPORT, NE US",12/3/2024,6.71,0,0,0,31,65,15
USW00024028,"SCOTTSBLUFF W B HEILIG FIELD AIRPORT, NE US",12/4/2024,7.61,0,0,0,38,58,21
USW00024028,"SCOTTSBLUFF W B HEILIG FIELD AIRPORT, NE US",12/5/2024,5.14,0,0,0,31,48,19
USW00024028,"SCOTTSBLUFF W B HEILIG FIELD AIRPORT, NE US",12/6/2024,7.38,0,0,0,35,59,22
USW00024028,"SCOTTSBLUFF W B HEILIG FIELD AIRPORT, NE US",12/7/2024,5.37,0,0,0,36,64,18
USW00024028,"SCOTTSBLUFF W B HEILIG FIELD AIRPORT, NE US",12/8/2024,10.29,0,0,0,43,59,25
USW00024028,"SCOTTSBLUFF W B HEILIG FIELD AIRPORT, NE US",12/9/2024,13.2,0,0,0,33,41,18
USW00024028,"SCOTTSBLUFF W B HEILIG FIELD AIRPORT, NE US",12/10/2024,12.3,0,0,0,29,40,23
USW00024028,"SCOTTSBLUFF W B HEILIG FIELD AIRPORT, NE US",12/11/2024,5.37,0,0,0,32,50,19
USW00024028,"SCOTTSBLUFF W B HEILIG FIELD AIRPORT, NE US",12/12/2024,6.93,0,0,0,34,52,19
USW00024028,"SCOTTSBLUFF W B HEILIG FIELD AIRPORT, NE US",12/13/2024,10.29,0,0,0,26,37,18
USW00024028,"SCOTTSBLUFF W B HEILIG FIELD AIRPORT, NE US",12/14/2024,5.82,0,0,0,34,59,20
USW00024028,"SCOTTSBLUFF W B HEILIG FIELD AIRPORT, NE US",12/15/2024,17.45,0,0,0,41,56,25
USW00024028,"SCOTTSBLUFF W B HEILIG FIELD AIRPORT, NE US",12/16/2024,10.07,0,0,0,37,49,19
USW00024028,"SCOTTSBLUFF W B HEILIG FIELD AIRPORT, NE US",12/17/2024,7.61,0,0,0,35,46,20
USW00024028,"SCOTTSBLUFF W B HEILIG FIELD AIRPORT, NE US",12/18/2024,10.74,0,0,0,30,57,13
USW00024028,"SCOTTSBLUFF W B HEILIG FIELD AIRPORT, NE US",12/19/2024,14.76,0,0,0,46,52,19
USW00024028,"SCOTTSBLUFF W B HEILIG FIELD AIRPORT, NE US",12/20/2024,7.38,0,0,0,27,47,15
USW00024028,"SCOTTSBLUFF W B HEILIG FIELD AIRPORT, NE US",12/21/2024,4.7,0,0,0,31,65,17
USW00024028,"SCOTTSBLUFF W B HEILIG FIELD AIRPORT, NE US",12/22/2024,8.28,0,0,0,44,64,25
USW00024028,"SCOTTSBLUFF W B HEILIG FIELD AIRPORT, NE US",12/23/2024,4.25,0,0,0,39,55,27
USW00024028,"SCOTTSBLUFF W B HEILIG FIELD AIRPORT, NE US",12/24/2024,7.61,0,0,0,37,55,25
USW00024028,"SCOTTSBLUFF W B HEILIG FIELD AIRPORT, NE US",12/25/2024,7.61,0,0,0,37,49,30
USW00024028,"SCOTTSBLUFF W B HEILIG FIELD AIRPORT, NE US",12/26/2024,9.17,0,0,0,36,57,19
USW00024028,"SCOTTSBLUFF W B HEILIG FIELD AIRPORT, NE US",12/27/2024,7.16,0,0,0,40,51,23
USW00024028,"SCOTTSBLUFF W B HEILIG FIELD AIRPORT, NE US",12/28/2024,10.74,0,0,0,34,55,21
USW00024028,"SCOTTSBLUFF W B HEILIG FIELD AIRPORT, NE US",12/29/2024,7.61,0,0,0,38,52,19
USW00024028,"SCOTTSBLUFF W B HEILIG FIELD AIRPORT, NE US",12/30/2024,19.46,0,0,0,42,50,27
USW00024028,"SCOTTSBLUFF W B HEILIG FIELD AIRPORT, NE US",12/31/2024,6.26,0,0,0,28,36,14
USW00024028,"SCOTTSBLUFF W B HEILIG FIELD AIRPORT, NE US",1/1/2025,3.13,0,0,0,21,39,6
USW00024028,"SCOTTSBLUFF W B HEILIG FIELD AIRPORT, NE US",1/2/2025,4.03,0,0,0,28,30,14
USW00024028,"SCOTTSBLUFF W B HEILIG FIELD AIRPORT, NE US",1/3/2025,10.51,0,0,,24,37,17
USW00024028,"SCOTTSBLUFF W B HEILIG FIELD AIRPORT, NE US",1/4/2025,14.32,0.18,,,24,26,13
USW00024028,"SCOTTSBLUFF W B HEILIG FIELD AIRPORT, NE US",1/5/2025,4.7,0.02,,,13,15,7
USW00024028,"SCOTTSBLUFF W B HEILIG FIELD AIRPORT, NE US",1/6/2025,5.82,0,,,14,30,2
USW00024028,"SCOTTSBLUFF W B HEILIG FIELD AIRPORT, NE US",1/7/2025,8.5,0,0,2,23,25,3
USW00024028,"SCOTTSBLUFF W B HEILIG FIELD AIRPORT, NE US",1/8/2025,6.93,0,0,,12,39,-6
USW00024028,"SCOTTSBLUFF W B HEILIG FIELD AIRPORT, NE US",1/9/2025,17.45,0,0,1,31,34,13
USW00024028,"SCOTTSBLUFF W B HEILIG FIELD AIRPORT, NE US",1/10/2025,10.29,0,0,,20,43,8
USW00024028,"SCOTTSBLUFF W B HEILIG FIELD AIRPORT, NE US",1/11/2025,18.57,0.07,,,38,44,30
USW00024028,"SCOTTSBLUFF W B HEILIG FIELD AIRPORT, NE US",1/12/2025,13.2,0.01,,,31,35,26
USW00024028,"SCOTTSBLUFF W B HEILIG FIELD AIRPORT, NE US",1/13/2025,8.05,0,0,,27,40,13
USW00024028,"SCOTTSBLUFF W B HEILIG FIELD AIRPORT, NE US",1/14/2025,9.62,0,0,,24,36,12
USW00024028,"SCOTTSBLUFF W B HEILIG FIELD AIRPORT, NE US",1/15/2025,10.51,0,0,0,29,49,12
USW00024028,"SCOTTSBLUFF W B HEILIG FIELD AIRPORT, NE US",1/16/2025,6.93,0,0,,35,59,19
USW00024028,"SCOTTSBLUFF W B HEILIG FIELD AIRPORT, NE US",1/17/2025,14.32,0.01,0.2,0,39,50,20
USW00024028,"SCOTTSBLUFF W B HEILIG FIELD AIRPORT, NE US",1/18/2025,13.42,0.01,,1,18,20,-1
USW00024028,"SCOTTSBLUFF W B HEILIG FIELD AIRPORT, NE US",1/19/2025,6.26,0,0,0,4,17,-8
USW00024028,"SCOTTSBLUFF W B HEILIG FIELD AIRPORT, NE US",1/20/2025,13.42,0,0,0,3,8,-12
USW00024028,"SCOTTSBLUFF W B HEILIG FIELD AIRPORT, NE US",1/21/2025,11.86,0,0,0,6,37,-12
USW00024028,"SCOTTSBLUFF W B HEILIG FIELD AIRPORT, NE US",1/22/2025,17.67,0,0,0,28,34,19
USW00024028,"SCOTTSBLUFF W B HEILIG FIELD AIRPORT, NE US",1/23/2025,14.32,0,0,0,27,35,16
USW00024028,"SCOTTSBLUFF W B HEILIG FIELD AIRPORT, NE US",1/24/2025,9.62,0,0,,30,42,19
USW00024028,"SCOTTSBLUFF W B HEILIG FIELD AIRPORT, NE US",1/25/2025,8.5,0,0,0,23,27,15
USW00024028,"SCOTTSBLUFF W B HEILIG FIELD AIRPORT, NE US",1/26/2025,4.03,0.02,0.3,0,19,30,9
USW00024028,"SCOTTSBLUFF W B HEILIG FIELD AIRPORT, NE US",1/27/2025,9.62,0,0,0,21,52,3
USW00024028,"SCOTTSBLUFF W B HEILIG FIELD AIRPORT, NE US",1/28/2025,9.4,0,0,0,32,57,14
USW00024028,"SCOTTSBLUFF W B HEILIG FIELD AIRPORT, NE US",1/29/2025,5.82,0,0,0,32,57,14
USW00024028,"SCOTTSBLUFF W B HEILIG FIELD AIRPORT, NE US",1/30/2025,8.5,0,0,,34,58,16
USW00024028,"SCOTTSBLUFF W B HEILIG FIELD AIRPORT, NE US",1/31/2025,7.61,0,0,,34,62,20
USW00024028,"SCOTTSBLUFF W B HEILIG FIELD AIRPORT, NE US",2/1/2025,19.69,0,0,0,51,58,41
USW00024028,"SCOTTSBLUFF W B HEILIG FIELD AIRPORT, NE US",2/2/2025,7.16,0,0,0,47,65,37
USW00024028,"SCOTTSBLUFF W B HEILIG FIELD AIRPORT, NE US",2/3/2025,11.63,0,0,0,33,51,12
USW00024028,"SCOTTSBLUFF W B HEILIG FIELD AIRPORT, NE US",2/4/2025,18.79,0,0,0,16,29,10
USW00024028,"SCOTTSBLUFF W B HEILIG FIELD AIRPORT, NE US",2/5/2025,14.76,0,0,0,24,66,15
USW00024028,"SCOTTSBLUFF W B HEILIG FIELD AIRPORT, NE US",2/6/2025,6.26,0,0,0,32,48,14
USW00024028,"SCOTTSBLUFF W B HEILIG FIELD AIRPORT, NE US",2/7/2025,15.21,0,0,0,33,53,21
USW00024028,"SCOTTSBLUFF W B HEILIG FIELD AIRPORT, NE US",2/8/2025,8.5,0,0,0,24,34,7
USW00024028,"SCOTTSBLUFF W B HEILIG FIELD AIRPORT, NE US",2/9/2025,7.61,0,0,0,24,44,7
USW00024028,"SCOTTSBLUFF W B HEILIG FIELD AIRPORT, NE US",2/10/2025,10.51,0,0,0,20,26,6
USW00024028,"SCOTTSBLUFF W B HEILIG FIELD AIRPORT, NE US",2/11/2025,10.96,0.04,0.6,0,8,12,5
USW00024028,"SCOTTSBLUFF W B HEILIG FIELD AIRPORT, NE US",2/12/2025,6.26,0.05,0.7,1.2,8,14,-4
USW00024028,"SCOTTSBLUFF W B HEILIG FIELD AIRPORT, NE US",2/13/2025,8.28,0,0,1.2,7,38,-13
USW00024028,"SCOTTSBLUFF W B HEILIG FIELD AIRPORT, NE US",2/14/2025,7.61,0.06,1,1.2,30,50,20
USW00024028,"SCOTTSBLUFF W B HEILIG FIELD AIRPORT, NE US",2/15/2025,7.83,0.02,0.2,1.2,22,23,11
USW00024028,"SCOTTSBLUFF W B HEILIG FIELD AIRPORT, NE US",2/16/2025,8.72,0.23,5.4,1.2,17,28,7
USW00024028,"SCOTTSBLUFF W B HEILIG FIELD AIRPORT, NE US",2/17/2025,16.11,0.16,3.7,7.1,13,18,0
USW00024028,"SCOTTSBLUFF W B HEILIG FIELD AIRPORT, NE US",2/18/2025,13.42,0.21,4.9,9.8,-1,0,-5
USW00024028,"SCOTTSBLUFF W B HEILIG FIELD AIRPORT, NE US",2/19/2025,8.05,0,0,11.8,-4,3,-18
USW00024028,"SCOTTSBLUFF W B HEILIG FIELD AIRPORT, NE US",2/20/2025,14.99,0,0,11.8,2,20,-4
USW00024028,"SCOTTSBLUFF W B HEILIG FIELD AIRPORT, NE US",2/21/2025,4.47,0,0,11.8,16,40,-1
USW00024028,"SCOTTSBLUFF W B HEILIG FIELD AIRPORT, NE US",2/22/2025,8.5,0,0,7.9,28,50,14
USW00024028,"SCOTTSBLUFF W B HEILIG FIELD AIRPORT, NE US",2/23/2025,13.42,0,0,3.9,42,61,24
USW00024028,"SCOTTSBLUFF W B HEILIG FIELD AIRPORT, NE US",2/24/2025,14.54,0,0,0,54,66,34
USW00024028,"SCOTTSBLUFF W B HEILIG FIELD AIRPORT, NE US",2/25/2025,14.76,0,0,0,46,69,30
USW00024028,"SCOTTSBLUFF W B HEILIG FIELD AIRPORT, NE US",2/26/2025,10.51,0,0,0,39,53,24
USW00024028,"SCOTTSBLUFF W B HEILIG FIELD AIRPORT, NE US",2/27/2025,10.29,0,0,0,40,66,23
USW00024028,"SCOTTSBLUFF W B HEILIG FIELD AIRPORT, NE US",2/28/2025,11.41,0,0,0,48,62,30
USW00024028,"SCOTTSBLUFF W B HEILIG FIELD AIRPORT, NE US",3/1/2025,6.49,0,0,0,42,66,23
USW00024028,"SCOTTSBLUFF W B HEILIG FIELD AIRPORT, NE US",3/2/2025,4.92,0,0,0,42,62,24
USW00024028,"SCOTTSBLUFF W B HEILIG FIELD AIRPORT, NE US",3/3/2025,10.74,0,0,0,45,64,30
USW00024028,"SCOTTSBLUFF W B HEILIG FIELD AIRPORT, NE US",3/4/2025,21.25,0,0,0,42,44,22
USW00024028,"SCOTTSBLUFF W B HEILIG FIELD AIRPORT, NE US",3/5/2025,8.5,0,0,0,32,57,16
USW00024028,"SCOTTSBLUFF W B HEILIG FIELD AIRPORT, NE US",3/6/2025,15.21,0.02,0.6,0,37,49,29
USW00024028,"SCOTTSBLUFF W B HEILIG FIELD AIRPORT, NE US",3/7/2025,7.61,0.05,1.4,2,29,36,21
USW00024028,"SCOTTSBLUFF W B HEILIG FIELD AIRPORT, NE US",3/8/2025,9.62,0,0,0,29,50,16
USW00024028,"SCOTTSBLUFF W B HEILIG FIELD AIRPORT, NE US",3/9/2025,10.51,0,0,0,42,67,28
USW00024028,"SCOTTSBLUFF W B HEILIG FIELD AIRPORT, NE US",3/10/2025,13.65,0,0,0,49,71,29
USW00024028,"SCOTTSBLUFF W B HEILIG FIELD AIRPORT, NE US",3/11/2025,8.5,0,0,0,48,71,28
USW00024028,"SCOTTSBLUFF W B HEILIG FIELD AIRPORT, NE US",3/12/2025,6.26,0,0,0,48,70,29
USW00024028,"SCOTTSBLUFF W B HEILIG FIELD AIRPORT, NE US",3/13/2025,5.14,0,0,0,48,71,26
USW00024028,"SCOTTSBLUFF W B HEILIG FIELD AIRPORT, NE US",3/14/2025,19.24,0,0,0,48,52,28
USW00024028,"SCOTTSBLUFF W B HEILIG FIELD AIRPORT, NE US",3/15/2025,6.49,0,0,0,36,50,19
USW00024028,"SCOTTSBLUFF W B HEILIG FIELD AIRPORT, NE US",3/16/2025,16.11,0,0,0,42,62,24
USW00024028,"SCOTTSBLUFF W B HEILIG FIELD AIRPORT, NE US",3/17/2025,11.41,0,0,0,57,71,36
USW00024028,"SCOTTSBLUFF W B HEILIG FIELD AIRPORT, NE US",3/18/2025,16.33,0.02,0.4,0,45,56,30
USW00024028,"SCOTTSBLUFF W B HEILIG FIELD AIRPORT, NE US",3/19/2025,17.45,0,0,0,35,45,18
USW00024028,"SCOTTSBLUFF W B HEILIG FIELD AIRPORT, NE US",3/20/2025,12.75,0,0,0,34,60,13
USW00024028,"SCOTTSBLUFF W B HEILIG FIELD AIRPORT, NE US",3/21/2025,11.86,0,0,0,44,57,23
USW00024028,"SCOTTSBLUFF W B HEILIG FIELD AIRPORT, NE US",3/22/2025,15.21,0,0,0,47,63,30
USW00024028,"SCOTTSBLUFF W B HEILIG FIELD AIRPORT, NE US",3/23/2025,10.96,0,0,0,41,56,23
USW00024028,"SCOTTSBLUFF W B HEILIG FIELD AIRPORT, NE US",3/24/2025,11.63,0,0,0,49,71,30
USW00024028,"SCOTTSBLUFF W B HEILIG FIELD AIRPORT, NE US",3/25/2025,5.82,0,0,0,54,71,34
USW00024028,"SCOTTSBLUFF W B HEILIG FIELD AIRPORT, NE US",3/26/2025,5.59,0,0,0,53,79,33
USW00024028,"SCOTTSBLUFF W B HEILIG FIELD AIRPORT, NE US",3/27/2025,6.04,0,0,0,58,83,34
USW00024028,"SCOTTSBLUFF W B HEILIG FIELD AIRPORT, NE US",3/28/2025,11.41,0.01,0,0,63,79,41
USW00024028,"SCOTTSBLUFF W B HEILIG FIELD AIRPORT, NE US",3/29/2025,10.51,0.49,0,0,46,49,33
USW00024028,"SCOTTSBLUFF W B HEILIG FIELD AIRPORT, NE US",3/30/2025,7.16,0.04,0.4,0,35,44,32
USW00024028,"SCOTTSBLUFF W B HEILIG FIELD AIRPORT, NE US",3/31/2025,15.43,0.25,0.3,0,37,48,32
USW00024028,"SCOTTSBLUFF W B HEILIG FIELD AIRPORT, NE US",4/1/2025,10.96,0.08,,,43,54,36
USW00024028,"SCOTTSBLUFF W B HEILIG FIELD AIRPORT, NE US",4/2/2025,13.87,0,0,0,42,53,29
USW00024028,"SCOTTSBLUFF W B HEILIG FIELD AIRPORT, NE US",4/3/2025,8.95,0.01,,0,38,52,24
USW00024028,"SCOTTSBLUFF W B HEILIG FIELD AIRPORT, NE US",4/4/2025,10.51,0.02,,,36,38,27
USW00024028,"SCOTTSBLUFF W B HEILIG FIELD AIRPORT, NE US",4/5/2025,6.93,0,0,,33,49,19
USW00024028,"SCOTTSBLUFF W B HEILIG FIELD AIRPORT, NE US",4/6/2025,8.72,0,0,0,40,64,20
USW00024028,"SCOTTSBLUFF W B HEILIG FIELD AIRPORT, NE US",4/7/2025,7.16,0,0,0,48,72,27
USW00024028,"SCOTTSBLUFF W B HEILIG FIELD AIRPORT, NE US",4/8/2025,14.54,0,0,0,56,76,34
USW00024028,"SCOTTSBLUFF W B HEILIG FIELD AIRPORT, NE US",4/9/2025,12.75,0,0,0,56,70,36
USW00024028,"SCOTTSBLUFF W B HEILIG FIELD AIRPORT, NE US",4/10/2025,7.83,0,0,0,50,71,30
USW00024028,"SCOTTSBLUFF W B HEILIG FIELD AIRPORT, NE US",4/11/2025,6.49,0,0,0,55,84,34
USW00024028,"SCOTTSBLUFF W B HEILIG FIELD AIRPORT, NE US",4/12/2025,7.83,0,0,0,64,82,46
USW00024028,"SCOTTSBLUFF W B HEILIG FIELD AIRPORT, NE US",4/13/2025,17.67,0,0,,58,61,36
USW00024028,"SCOTTSBLUFF W B HEILIG FIELD AIRPORT, NE US",4/14/2025,12.08,0,0,0,45,61,26
USW00024028,"SCOTTSBLUFF W B HEILIG FIELD AIRPORT, NE US",4/15/2025,7.83,0,0,0,47,76,24
USW00024028,"SCOTTSBLUFF W B HEILIG FIELD AIRPORT, NE US",4/16/2025,8.5,0,0,0,59,82,36
USW00024028,"SCOTTSBLUFF W B HEILIG FIELD AIRPORT, NE US",4/17/2025,15.88,0.01,,0,57,64,33
USW00024028,"SCOTTSBLUFF W B HEILIG FIELD AIRPORT, NE US",4/18/2025,8.5,0.03,,,36,42,26
USW00024028,"SCOTTSBLUFF W B HEILIG FIELD AIRPORT, NE US",4/19/2025,9.17,0,,,37,56,20
